<?xml version="1.0" encoding="UTF-8"?>

<mule xmlns:apikit="http://www.mulesoft.org/schema/mule/apikit"
	xmlns:dw="http://www.mulesoft.org/schema/mule/ee/dw"
	xmlns:sftp="http://www.mulesoft.org/schema/mule/sftp" xmlns:jms="http://www.mulesoft.org/schema/mule/jms" xmlns:tracking="http://www.mulesoft.org/schema/mule/ee/tracking" xmlns:file="http://www.mulesoft.org/schema/mule/file" xmlns:batch="http://www.mulesoft.org/schema/mule/batch" xmlns:http="http://www.mulesoft.org/schema/mule/http"
	xmlns="http://www.mulesoft.org/schema/mule/core" xmlns:doc="http://www.mulesoft.org/schema/mule/documentation"
	xmlns:spring="http://www.springframework.org/schema/beans" 
	xmlns:xsi="http://www.w3.org/2001/XMLSchema-instance"
	xsi:schemaLocation="http://www.mulesoft.org/schema/mule/apikit http://www.mulesoft.org/schema/mule/apikit/current/mule-apikit.xsd
http://www.mulesoft.org/schema/mule/ee/dw http://www.mulesoft.org/schema/mule/ee/dw/current/dw.xsd
http://www.mulesoft.org/schema/mule/http http://www.mulesoft.org/schema/mule/http/current/mule-http.xsd
http://www.springframework.org/schema/beans http://www.springframework.org/schema/beans/spring-beans-current.xsd
http://www.mulesoft.org/schema/mule/core http://www.mulesoft.org/schema/mule/core/current/mule.xsd
http://www.mulesoft.org/schema/mule/file http://www.mulesoft.org/schema/mule/file/current/mule-file.xsd
http://www.mulesoft.org/schema/mule/batch http://www.mulesoft.org/schema/mule/batch/current/mule-batch.xsd
http://www.mulesoft.org/schema/mule/sftp http://www.mulesoft.org/schema/mule/sftp/current/mule-sftp.xsd
http://www.mulesoft.org/schema/mule/ee/tracking http://www.mulesoft.org/schema/mule/ee/tracking/current/mule-tracking-ee.xsd
http://www.mulesoft.org/schema/mule/jms http://www.mulesoft.org/schema/mule/jms/current/mule-jms.xsd">

    <http:listener-config name="HTTP_Listener_Configuration" host="0.0.0.0" port="8081" doc:name="HTTP Listener Configuration"/>
    <file:connector name="File" outputPattern="test.json" autoDelete="false" streaming="true" validateConnections="true" doc:name="File"/>
    <sftp:connector name="SFTP" identityFile="${app.home}/id_rsa" validateConnections="true" doc:name="SFTP"/>
    <jms:activemq-connector name="Active_MQ" username="admin" password="Change1t" brokerURL="tcp://localhost:61616" validateConnections="true" doc:name="Active MQ"/>
    <batch:job name="delete-itBatch">
        <batch:input>
            <file:inbound-endpoint path="/Users/aminulhaque/Downloads/p" moveToPattern="_bkp" moveToDirectory="/Users/aminulhaque/Downloads/p" responseTimeout="10000" doc:name="File" mimeType="application/csv">
                <file:filename-regex-filter pattern="test.csv" caseSensitive="true"/>
            </file:inbound-endpoint>
            <logger level="INFO" doc:name="Logger"/>
            <dw:transform-message doc:name="Transform Message">
                <dw:set-payload><![CDATA[%dw 1.0
%input payload application/csv
%output application/java
---
payload as :iterator]]></dw:set-payload>
            </dw:transform-message>
        </batch:input>
        <batch:process-records>
            <batch:step name="Batch_Step">
                <logger level="INFO" doc:name="Logger"/>
            </batch:step>
        </batch:process-records>
        <batch:on-complete>
            <logger level="INFO" doc:name="Logger"/>
        </batch:on-complete>
    </batch:job>
    <flow name="delete-itFlow2" initialState="stopped">
        <jms:inbound-endpoint queue="jmsQueue1" connector-ref="Active_MQ" doc:name="JMS"/>
        <logger level="INFO" doc:name="Logger"/>
    </flow>
    <flow name="delete-itFlow" initialState="stopped">
        <logger level="INFO" doc:name="Logger"/>
    </flow>
    <flow name="delete-itFlow1" initialState="stopped">
        <sftp:inbound-endpoint host="51.15.129.23" port="22" path="/root" user="root" responseTimeout="10000" identityFile="${app.home}/id_rsa" doc:name="SFTP">
            <file:filename-wildcard-filter pattern="test.text" caseSensitive="true"/>
        </sftp:inbound-endpoint>
        <logger level="INFO" doc:name="Logger"/>
    </flow>
    <flow name="mhra-mule-common-loggingFlow1" initialState="stopped">
        <logger       doc:name="Logger" level="INFO" message="Flow Called">
        </logger>
    </flow>

</mule>
