<?xml version="1.0" encoding="UTF-8"?>

<mule xmlns:metadata="http://www.mulesoft.org/schema/mule/metadata" xmlns:dw="http://www.mulesoft.org/schema/mule/ee/dw" xmlns:tracking="http://www.mulesoft.org/schema/mule/ee/tracking" xmlns="http://www.mulesoft.org/schema/mule/core" xmlns:doc="http://www.mulesoft.org/schema/mule/documentation"
	xmlns:spring="http://www.springframework.org/schema/beans" 
	xmlns:xsi="http://www.w3.org/2001/XMLSchema-instance"
	xsi:schemaLocation="http://www.springframework.org/schema/beans http://www.springframework.org/schema/beans/spring-beans-current.xsd
http://www.mulesoft.org/schema/mule/core http://www.mulesoft.org/schema/mule/core/current/mule.xsd
http://www.mulesoft.org/schema/mule/ee/tracking http://www.mulesoft.org/schema/mule/ee/tracking/current/mule-tracking-ee.xsd
http://www.mulesoft.org/schema/mule/ee/dw http://www.mulesoft.org/schema/mule/ee/dw/current/dw.xsd">
    
    <spring:beans>
        <spring:bean name="statuses" id="statuses" class="java.util.HashMap">
            <spring:constructor-arg>
                <spring:map key-type="java.lang.Integer" value-type="java.lang.String">
                    <spring:entry key="400" value="BAD_REQUEST" />
                    <spring:entry key="401" value="Unauthorized" />
                    <spring:entry key="403" value="Forbidden" />
                    <spring:entry key="404" value="RESOURCE_NOT_FOUND" />
                    <spring:entry key="405" value="METHOD_NOT_ALLOWED" />
                    <spring:entry key="406" value="NOT_ACCEPTABLE" />
                    <spring:entry key="409" value="CONFLICT" />
                    <spring:entry key="415" value="UNSUPPORTED_MEDIA_TYPE" />
                    <spring:entry key="500" value="INTERNAL_SERVER_ERROR" />
                    <spring:entry key="502" value="BAD_GATEWAY" />
                </spring:map>
            </spring:constructor-arg>
        </spring:bean>
    </spring:beans>
    
    <choice-exception-strategy name="global-exception-strategy">
        <catch-exception-strategy when="#[exception.causedBy(org.mule.module.http.internal.request.ResponseValidatorException)]" doc:name="Caused By (org.mule.module.http.internal.request.ResponseValidatorException)">
            <choice doc:name="Choice">
                <when expression="#[message.inboundProperties['http.status'] ~= 401]">
                    <set-variable variableName="errorMessage" value="Upstream service did not authorize the request." doc:name="Set Error Message"/>
                    <set-property propertyName="http.status" value="#[401]" doc:name="Set HTTP Status - 401"/>
                    <flow-ref name="global-unauthorized-response-sub-flow" doc:name="global-unauthorized-response-sub-flow"/>
                </when>
                <when expression="#[message.inboundProperties['http.status'] ~= 403]">
                    <set-variable variableName="errorMessage" value="Access to the upstream service is forbidden." doc:name="Set Error Message"/>
                    <set-property propertyName="http.status" value="#[403]" doc:name="Set HTTP Status - 403"/>
                    <flow-ref name="global-unauthorized-response-sub-flow" doc:name="global-unauthorized-response-sub-flow"/>
                </when>
                <when expression="#[message.inboundProperties['http.status'] &lt; 500]">
                    <set-variable variableName="errorMessage" value="Upstream service unable to fulfil request. #[exception.cause.message]" doc:name="Set Error Message"/>
                    <flow-ref name="global-bad-request-response-sub-flow" doc:name="global-bad-request-response-sub-flow"/>                    
                </when>
                <otherwise>
                    <set-variable variableName="errorMessage" value="Upstream service internal error. #[exception.cause.message]" doc:name="Set Error Message"/>
                    <flow-ref name="global-bad-gateway-response-sub-flow" doc:name="Bad Gateway Response"/>                
                </otherwise>
            </choice>
        </catch-exception-strategy>
        <catch-exception-strategy when="#[exception.causedBy(org.mule.extension.validation.api.ValidationException)]" doc:name="Caused By (org.mule.extension.validation.api.ValidationException)">
            <choice doc:name="Choice">
                <when expression="#[message.inboundProperties['http.status'] ~= 401]">
                    <set-variable variableName="errorMessage" value="Upstream service did not authorize the request. #[exception.cause.message]" doc:name="Set Error Message"/>
                    <set-property propertyName="http.status" value="#[401]" doc:name="Set HTTP Status - 401"/>
                    <flow-ref name="global-unauthorized-response-sub-flow" doc:name="global-unauthorized-response-sub-flow"/>
                </when>
                <when expression="#[message.inboundProperties['http.status'] ~= 403]">
                    <set-variable variableName="errorMessage" value="Access to the upstream service is forbidden. #[exception.cause.message]" doc:name="Set Error Message"/>
                    <set-property propertyName="http.status" value="#[403]" doc:name="Set HTTP Status - 403"/>
                    <flow-ref name="global-unauthorized-response-sub-flow" doc:name="global-unauthorized-response-sub-flow"/>
                </when>
                <when expression="#[message.inboundProperties['http.status'] &lt; 500]">
                    <set-variable variableName="errorMessage" value="Upstream service unable to fulfil request. #[exception.cause.message]" doc:name="Set Error Message"/>
                    <flow-ref name="global-bad-request-response-sub-flow" doc:name="global-bad-request-response-sub-flow"/>                    
                </when>
                <otherwise>
                    <set-variable variableName="errorMessage" value="Upstream service internal error. #[exception.cause.message]" doc:name="Set Error Message"/>
                    <flow-ref name="global-bad-gateway-response-sub-flow" doc:name="Bad Gateway Response"/>                
                </otherwise>
            </choice>
        </catch-exception-strategy>
        <catch-exception-strategy when="#[exception.causedBy(java.util.concurrent.TimeoutException)]" doc:name="Caused By (java.util.concurrent.TimeoutException)">
            <set-variable variableName="errorMessage" value="Unable to connect to upstream service. Request timed out." doc:name="Set Error Message"/>
            <flow-ref name="global-bad-gateway-response-sub-flow" doc:name="Bad Gateway Response"/>            
        </catch-exception-strategy>
        <catch-exception-strategy when="#[exception.causedBy(java.util.NoSuchElementException)]" doc:name="Caused By (java.util.NoSuchElementException)">
            <set-variable variableName="errorMessage" value="Unable to connect to upstream service." doc:name="Set Error Message"/>
            <flow-ref name="global-bad-gateway-response-sub-flow" doc:name="Bad Gateway Response"/>            
        </catch-exception-strategy>
        <catch-exception-strategy when="#[exception.causeMatches('java.net')]" doc:name="Cause Matches ('java.net')">
            <set-variable variableName="errorMessage" value="Unable to connect to upstream service." doc:name="Set Error Message"/>
            <flow-ref name="global-bad-gateway-response-sub-flow" doc:name="Bad Gateway Response"/>            
        </catch-exception-strategy>
        <catch-exception-strategy when="#[exception.causedBy(org.mule.module.apikit.exception.NotFoundException)]" doc:name="Caused By (org.mule.module.apikit.exception.NotFoundException)">
            <set-variable variableName="errorMessage" value="#['Data Not found']" doc:name="Set errorMessage"/>
            <flow-ref name="global-resource-not-found-response-sub-flow" doc:name="Resource Not Found Response"/>
        </catch-exception-strategy>
        <catch-exception-strategy when="#[exception.causedBy(org.mule.module.apikit.exception.MethodNotAllowedException)]" doc:name="Caused By (org.mule.module.apikit.exception.MethodNotAllowedException)">
            <flow-ref name="global-method-not-allowed-response-sub-flow" doc:name="Method Not Allowed Response"/>
        </catch-exception-strategy>
        <catch-exception-strategy when="#[exception.causedBy(org.mule.module.apikit.exception.UnsupportedMediaTypeException)]" doc:name="Caused By (org.mule.module.apikit.exception.UnsupportedMediaTypeException)">
            <flow-ref name="global-unsupported-media-type-response-sub-flow" doc:name="Unsupported Media Type Response"/>
        </catch-exception-strategy>
        <catch-exception-strategy when="#[exception.causedBy(org.mule.module.apikit.exception.NotAcceptableException)]" doc:name="Caused By (org.mule.module.apikit.exception.NotAcceptableException)">
            <flow-ref name="global-not-acceptable-response-sub-flow" doc:name="Not Acceptable Response"/>
        </catch-exception-strategy>
        <catch-exception-strategy when="#[exception.causedBy(org.mule.module.apikit.exception.BadRequestException)]" doc:name="Caused By (org.mule.module.apikit.exception.BadRequestException)">
            <flow-ref name="global-bad-request-response-sub-flow" doc:name="Bad Request Response"/>
        </catch-exception-strategy>
        <catch-exception-strategy when="#[exception.causedBy(java.lang.RuntimeException)]" doc:name="Caused by (java.lang.RuntimeException)">
            <expression-component doc:name="Set Error Info"><![CDATA[if (flowVars.httpStatus == null || flowVars.httpStatus == '') {
	message.outboundProperties['http.status'] = 500;
} else {
	message.outboundProperties['http.status'] = flowVars.httpStatus;
}

if (flowVars.errorMessage == null || flowVars.errorMessage == '') {
	flowVars.errorMessage = "Unable to fullfil request due to internal error.";
}

if (flowVars.errorDescription == null || flowVars.errorDescription == '') {
	flowVars.errorDescription = null;
}

if (flowVars.errorCode == null || flowVars.errorCode == '') {
	payload = app.registry.statuses.get(message.outboundProperties['http.status']);
} else {
	payload = flowVars.errorCode;
}

return payload;
]]></expression-component>
            <flow-ref name="global-prepare-error-response-sub-flow" doc:name="Prepare Error Response"/>
        </catch-exception-strategy>
        <catch-exception-strategy doc:name="Default">
            <set-variable variableName="errorMessage" value="Unable to fullfil request due to internal error." doc:name="Set Error Message"/>
            <flow-ref name="global-internal-server-error-response-sub-flow" doc:name="Internal Server Response"/>
        </catch-exception-strategy>
    </choice-exception-strategy>
    
    <sub-flow name="global-bad-request-response-sub-flow">
        <set-property propertyName="http.status" value="#[400]" doc:name="Set Status"/>
        <set-payload value="#[app.registry.statuses.get(message.outboundProperties['http.status'])]" doc:name="Set Error Code" mimeType="application/java"/>
        <flow-ref name="global-prepare-error-response-sub-flow" doc:name="Prepare Error Response"/>
    </sub-flow>
    <sub-flow name="global-resource-not-found-response-sub-flow">
        <set-property propertyName="http.status" value="#[404]" doc:name="Set Status"/>
        <set-payload value="#[app.registry.statuses.get(message.outboundProperties['http.status'])]" doc:name="Set Error Code" mimeType="application/java"/>
        <flow-ref name="global-prepare-error-response-sub-flow" doc:name="Prepare Error Response"/>
    </sub-flow>
    <sub-flow name="global-method-not-allowed-response-sub-flow">
        <set-property propertyName="http.status" value="#[405]" doc:name="Set Status"/>
        <set-payload value="#[app.registry.statuses.get(message.outboundProperties['http.status'])]" doc:name="Set Error Code" mimeType="application/java"/>
        <flow-ref name="global-prepare-error-response-sub-flow" doc:name="Prepare Error Response"/>
    </sub-flow>
    <sub-flow name="global-not-acceptable-response-sub-flow">
        <set-property propertyName="http.status" value="#[406]" doc:name="Set Status"/>
        <set-payload value="#[app.registry.statuses.get(message.outboundProperties['http.status'])]" doc:name="Set Error Code" mimeType="application/java"/>
        <flow-ref name="global-prepare-error-response-sub-flow" doc:name="Prepare Error Response"/>
    </sub-flow>
    <sub-flow name="global-conflict-response-sub-flow">
        <set-property propertyName="http.status" value="#[409]" doc:name="Set Status"/>
        <set-payload value="#[app.registry.statuses.get(message.outboundProperties['http.status'])]" doc:name="Set Error Code" mimeType="application/java"/>
        <flow-ref name="global-prepare-error-response-sub-flow" doc:name="Prepare Error Response"/>
    </sub-flow>
    <sub-flow name="global-unsupported-media-type-response-sub-flow">
        <set-property propertyName="http.status" value="#[415]" doc:name="Set Status"/>
        <set-payload value="#[app.registry.statuses.get(message.outboundProperties['http.status'])]" doc:name="Set Error Code" mimeType="application/java"/>
        <flow-ref name="global-prepare-error-response-sub-flow" doc:name="Prepare Error Response"/>
    </sub-flow>
    <sub-flow name="global-internal-server-error-response-sub-flow">
        <set-property propertyName="http.status" value="#[500]" doc:name="Set Status"/>
        <set-payload value="#[app.registry.statuses.get(message.outboundProperties['http.status'])]" doc:name="Set Error Code" mimeType="application/java"/>
        <flow-ref name="global-prepare-error-response-sub-flow" doc:name="Prepare Error Response"/>
    </sub-flow>
    <sub-flow name="global-bad-gateway-response-sub-flow">
        <set-property propertyName="http.status" value="#[502]" doc:name="Set Status"/>
        <set-payload value="#[app.registry.statuses.get(message.outboundProperties['http.status'])]" mimeType="application/java" doc:name="Set Error Code"/>
        <flow-ref name="global-prepare-error-response-sub-flow" doc:name="Prepare Error Response"/>
    </sub-flow>
    <sub-flow name="global-unauthorized-response-sub-flow">
        <set-payload value="#[app.registry.statuses.get(message.outboundProperties['http.status'])]" mimeType="application/java" doc:name="Set Error Code"/>
        <expression-component doc:name="Expression"><![CDATA[if(payload != null && payload.msg != null && payload.msg.errorMessage) {
	flowVars.errorDescription = payload.msg.errorDescription;
}
esle {
	flowVars.errorDescription = exception.getMessage();
}]]></expression-component>
        <flow-ref name="global-prepare-error-response-sub-flow" doc:name="Prepare Error Response"/>
    </sub-flow>
    
    <sub-flow name="global-prepare-error-response-sub-flow">
        <set-variable variableName="errorRaised" value="#[true]" doc:name="Set Error Raised"/>
        <expression-component doc:name="Expression"><![CDATA[if(flowVars.errorDescription == null) {
	if(flowVars.outboundMarker != null) {
		flowVars.errorDescription = "Exception while calling outbound endpoint [" + flowVars.outboundMarker +"] "
	}
}]]></expression-component>
        <dw:transform-message doc:name="Create Error Message">
            <dw:set-payload><![CDATA[%dw 1.0
%output application/json encoding="UTF-8", skipNullOn="everywhere"
---
{
	error: {
		errorCode: payload,
		errorDateTime: now as :string { format: "yyyy-MM-dd'T'HH:mm:ssZ" },
		errorMessage: flowVars.errorMessage when flowVars.errorMessage != null otherwise 'error',
		errorDescription: flowVars.errorDescription when flowVars.errorDescription != null otherwise 'error'
	}
}]]></dw:set-payload>
        </dw:transform-message>
        <flow-ref name="mhra-mule-common-response-finalize-subflow" doc:name="mhra-mule-common-response-finalize-subflow"/>
    </sub-flow>
    
</mule>
